Designator,Footprint,Quantity,Value,LCSC Part #
"C1, C10, C2, C3, C4, C5, C6",0805,7,0.1uF,C49678
C11,CP_EIA-3216-12_Kemet-S_HandSolder,1,10µ,C1969735
"Q1, Q2, Q3, Q4, Q5, Q6",SOT-23,6,BSS138,C78284
"R1, R10, R11, R12, R13, R14, R15, R16, R17, R18, R19, R2, R20, R21, R25, R26, R27, R28, R3, R30, R31, R32, R33, R35, R36, R38, R39, R4, R40, R41, R42, R43, R44, R5, R6, R7, R8, R9",0805,38,3.3K,C26010
"R22, R23",0805,2,470*,C17710
R37,0805,1,2.2R,C17521
U19,SOP-16_4.4x10.4mm_P1.27mm,1,74HCT165,C7742
U9,TQFP-64_10x10mm_P0.5mm,1,XC9572XL-VQ64,C90569
XS1,Conn_uSDcard,1,SD connector,C7529389
