Designator,Mid X,Mid Y,Rotation,Layer
C1,112.522,-91.821,180.0,top
C10,96.139,-134.305,270.0,top
C11,109.474,-62.822,90.0,top
C2,130.937,-91.821,180.0,top
C3,134.493,-87.503,0.0,top
C4,134.493,-76.581,0.0,top
C5,109.22,-76.581,180.0,top
C6,109.22,-87.503,180.0,top
Q1,164.846,-120.6985,270.0,top
Q2,118.995,-133.013,180.0,top
Q3,164.818,-102.528,270.0,top
Q4,85.4,-136.43,180.0,top
Q5,164.712,-92.511,270.0,top
Q6,164.846,-111.8085,270.0,top
R1,134.493,-93.98,90.0,top
R10,160.274,-75.565,180.0,top
R11,160.258,-73.66,180.0,top
R12,160.274,-71.755,180.0,top
R13,160.274,-69.85,180.0,top
R14,160.274,-67.945,180.0,top
R15,131.191,-56.007,0.0,top
R16,97.155,-69.088,0.0,top
R17,92.186,-76.073,0.0,top
R18,160.258,-79.375,180.0,top
R19,71.628,-81.026,270.0,top
R2,97.155,-65.786,0.0,top
R20,71.628,-86.106,270.0,top
R21,77.867,-76.073,180.0,top
R22,115.922,-136.89,90.0,top
R25,165.055,-123.795,0.0,top
R26,161.991,-121.001,90.0,top
R27,127.0,-135.906,270.0,top
R28,131.207,-69.342,0.0,top
R3,131.191,-59.817,0.0,top
R30,164.862,-105.664,0.0,top
R31,161.703,-102.886,90.0,top
R32,82.423,-136.541,270.0,top
R33,85.201,-133.509,0.0,top
R35,164.751,-95.631,0.0,top
R36,161.703,-92.726,90.0,top
R37,109.474,-67.707,270.0,top
R38,164.896,-114.808,0.0,top
R39,161.864,-112.014,90.0,top
R4,131.191,-57.912,0.0,top
R40,134.62,-135.906,90.0,top
R41,136.525,-135.906,90.0,top
R42,132.715,-135.906,90.0,top
R43,130.81,-135.906,90.0,top
R44,128.905,-135.906,90.0,top
R5,131.175,-63.627,0.0,top
R6,131.191,-61.722,0.0,top
R7,131.175,-65.532,0.0,top
R8,131.191,-67.437,0.0,top
R9,160.274,-77.47,180.0,top
U19,103.124,-136.525,0.0,top
U9,121.793,-83.947,45.0,top
XS1,119.802,-61.475,180.0,top
